COUNTRY,COUNTRY_GRP,YEAR,VALUE
ALB,,1975,6.5
ALB,,1976,6.7
ALB,,1977,6.8
ALB,,1978,7
ALB,,1979,7.2
ALB,,1980,7.4
ALB,,1981,7.6
ALB,,1982,7.8
ALB,,1983,8
ALB,,1984,8.3
ALB,,1985,8.5
ALB,,1986,8.7
ALB,,1987,9
ALB,,1988,9.3
ALB,,1989,9.5
ALB,,1990,9.8
ALB,,1991,10.1
ALB,,1992,10.4
ALB,,1993,10.7
ALB,,1994,11
ALB,,1995,11.3
ALB,,1996,11.7
ALB,,1997,12
ALB,,1998,12.4
ALB,,1999,12.8
ALB,,2000,13.2
ALB,,2001,13.6
ALB,,2002,14
ALB,,2003,14.5
ALB,,2004,14.9
ALB,,2005,15.4
ALB,,2006,16
ALB,,2007,16.5
ALB,,2008,17
ALB,,2009,17.6
ALB,,2010,18.2
ALB,,2011,18.8
ALB,,2012,19.3
ALB,,2013,19.9
ALB,,2014,20.5
ALB,,2015,21.1
ALB,,2016,21.7
AND,,1975,12.9
AND,,1976,13.5
AND,,1977,14
AND,,1978,14.5
AND,,1979,15
AND,,1980,15.5
AND,,1981,16
AND,,1982,16.5
AND,,1983,16.9
AND,,1984,17.4
AND,,1985,17.8
AND,,1986,18.2
AND,,1987,18.6
AND,,1988,19
AND,,1989,19.3
AND,,1990,19.6
AND,,1991,19.9
AND,,1992,20.2
AND,,1993,20.4
AND,,1994,20.7
AND,,1995,21
AND,,1996,21.2
AND,,1997,21.5
AND,,1998,21.7
AND,,1999,22
AND,,2000,22.2
AND,,2001,22.5
AND,,2002,22.7
AND,,2003,22.9
AND,,2004,23.2
AND,,2005,23.4
AND,,2006,23.6
AND,,2007,23.8
AND,,2008,24
AND,,2009,24.2
AND,,2010,24.4
AND,,2011,24.6
AND,,2012,24.8
AND,,2013,25
AND,,2014,25.2
AND,,2015,25.4
AND,,2016,25.6
ARM,,1975,7.3
ARM,,1976,7.6
ARM,,1977,7.9
ARM,,1978,8.1
ARM,,1979,8.4
ARM,,1980,8.7
ARM,,1981,9
ARM,,1982,9.3
ARM,,1983,9.5
ARM,,1984,9.8
ARM,,1985,10.1
ARM,,1986,10.3
ARM,,1987,10.6
ARM,,1988,10.9
ARM,,1989,11.2
ARM,,1990,11.4
ARM,,1991,11.7
ARM,,1992,12
ARM,,1993,12.3
ARM,,1994,12.5
ARM,,1995,12.8
ARM,,1996,13.1
ARM,,1997,13.3
ARM,,1998,13.6
ARM,,1999,13.9
ARM,,2000,14.2
ARM,,2001,14.4
ARM,,2002,14.7
ARM,,2003,15
ARM,,2004,15.4
ARM,,2005,15.7
ARM,,2006,16
ARM,,2007,16.4
ARM,,2008,16.7
ARM,,2009,17.1
ARM,,2010,17.5
ARM,,2011,17.9
ARM,,2012,18.3
ARM,,2013,18.8
ARM,,2014,19.2
ARM,,2015,19.7
ARM,,2016,20.2
AUT,,1975,7.2
AUT,,1976,7.3
AUT,,1977,7.5
AUT,,1978,7.7
AUT,,1979,7.9
AUT,,1980,8.1
AUT,,1981,8.3
AUT,,1982,8.6
AUT,,1983,8.8
AUT,,1984,9
AUT,,1985,9.3
AUT,,1986,9.6
AUT,,1987,9.8
AUT,,1988,10.1
AUT,,1989,10.4
AUT,,1990,10.7
AUT,,1991,11
AUT,,1992,11.3
AUT,,1993,11.6
AUT,,1994,11.9
AUT,,1995,12.3
AUT,,1996,12.6
AUT,,1997,12.9
AUT,,1998,13.3
AUT,,1999,13.6
AUT,,2000,14
AUT,,2001,14.3
AUT,,2002,14.7
AUT,,2003,15
AUT,,2004,15.4
AUT,,2005,15.8
AUT,,2006,16.1
AUT,,2007,16.5
AUT,,2008,16.9
AUT,,2009,17.3
AUT,,2010,17.6
AUT,,2011,18
AUT,,2012,18.4
AUT,,2013,18.8
AUT,,2014,19.2
AUT,,2015,19.7
AUT,,2016,20.1
AZE,,1975,6.4
AZE,,1976,6.6
AZE,,1977,6.8
AZE,,1978,7
AZE,,1979,7.2
AZE,,1980,7.4
AZE,,1981,7.7
AZE,,1982,7.9
AZE,,1983,8.1
AZE,,1984,8.4
AZE,,1985,8.6
AZE,,1986,8.8
AZE,,1987,9.1
AZE,,1988,9.3
AZE,,1989,9.6
AZE,,1990,9.8
AZE,,1991,10.1
AZE,,1992,10.4
AZE,,1993,10.6
AZE,,1994,10.9
AZE,,1995,11.1
AZE,,1996,11.4
AZE,,1997,11.7
AZE,,1998,11.9
AZE,,1999,12.2
AZE,,2000,12.5
AZE,,2001,12.8
AZE,,2002,13.2
AZE,,2003,13.5
AZE,,2004,13.9
AZE,,2005,14.3
AZE,,2006,14.8
AZE,,2007,15.2
AZE,,2008,15.7
AZE,,2009,16.2
AZE,,2010,16.6
AZE,,2011,17.2
AZE,,2012,17.7
AZE,,2013,18.2
AZE,,2014,18.8
AZE,,2015,19.3
AZE,,2016,19.9
BEL,,1975,10.5
BEL,,1976,10.7
BEL,,1977,10.9
BEL,,1978,11.1
BEL,,1979,11.4
BEL,,1980,11.6
BEL,,1981,11.8
BEL,,1982,12
BEL,,1983,12.3
BEL,,1984,12.5
BEL,,1985,12.7
BEL,,1986,13
BEL,,1987,13.2
BEL,,1988,13.5
BEL,,1989,13.8
BEL,,1990,14
BEL,,1991,14.3
BEL,,1992,14.6
BEL,,1993,14.9
BEL,,1994,15.2
BEL,,1995,15.5
BEL,,1996,15.8
BEL,,1997,16.1
BEL,,1998,16.4
BEL,,1999,16.7
BEL,,2000,17
BEL,,2001,17.3
BEL,,2002,17.6
BEL,,2003,17.9
BEL,,2004,18.2
BEL,,2005,18.5
BEL,,2006,18.9
BEL,,2007,19.2
BEL,,2008,19.5
BEL,,2009,19.8
BEL,,2010,20.1
BEL,,2011,20.4
BEL,,2012,20.7
BEL,,2013,21
BEL,,2014,21.4
BEL,,2015,21.7
BEL,,2016,22.1
BGR,,1975,10.1
BGR,,1976,10.5
BGR,,1977,10.9
BGR,,1978,11.3
BGR,,1979,11.7
BGR,,1980,12
BGR,,1981,12.4
BGR,,1982,12.8
BGR,,1983,13.1
BGR,,1984,13.5
BGR,,1985,13.8
BGR,,1986,14.2
BGR,,1987,14.5
BGR,,1988,14.8
BGR,,1989,15.1
BGR,,1990,15.4
BGR,,1991,15.7
BGR,,1992,16
BGR,,1993,16.3
BGR,,1994,16.7
BGR,,1995,17
BGR,,1996,17.3
BGR,,1997,17.6
BGR,,1998,17.9
BGR,,1999,18.2
BGR,,2000,18.6
BGR,,2001,18.9
BGR,,2002,19.3
BGR,,2003,19.6
BGR,,2004,20
BGR,,2005,20.4
BGR,,2006,20.8
BGR,,2007,21.2
BGR,,2008,21.6
BGR,,2009,22
BGR,,2010,22.4
BGR,,2011,22.8
BGR,,2012,23.2
BGR,,2013,23.7
BGR,,2014,24.1
BGR,,2015,24.5
BGR,,2016,25
BIH,,1975,5.9
BIH,,1976,6.2
BIH,,1977,6.4
BIH,,1978,6.7
BIH,,1979,7
BIH,,1980,7.3
BIH,,1981,7.6
BIH,,1982,7.8
BIH,,1983,8.1
BIH,,1984,8.4
BIH,,1985,8.7
BIH,,1986,8.9
BIH,,1987,9.2
BIH,,1988,9.5
BIH,,1989,9.7
BIH,,1990,10
BIH,,1991,10.3
BIH,,1992,10.5
BIH,,1993,10.8
BIH,,1994,11
BIH,,1995,11.3
BIH,,1996,11.6
BIH,,1997,11.8
BIH,,1998,12
BIH,,1999,12.3
BIH,,2000,12.6
BIH,,2001,12.8
BIH,,2002,13.1
BIH,,2003,13.4
BIH,,2004,13.7
BIH,,2005,14
BIH,,2006,14.3
BIH,,2007,14.6
BIH,,2008,14.9
BIH,,2009,15.3
BIH,,2010,15.6
BIH,,2011,16
BIH,,2012,16.3
BIH,,2013,16.7
BIH,,2014,17.1
BIH,,2015,17.5
BIH,,2016,17.9
BLR,,1975,9.9
BLR,,1976,10.2
BLR,,1977,10.6
BLR,,1978,11
BLR,,1979,11.3
BLR,,1980,11.7
BLR,,1981,12.1
BLR,,1982,12.5
BLR,,1983,12.9
BLR,,1984,13.3
BLR,,1985,13.7
BLR,,1986,14.1
BLR,,1987,14.4
BLR,,1988,14.8
BLR,,1989,15.2
BLR,,1990,15.6
BLR,,1991,15.9
BLR,,1992,16.3
BLR,,1993,16.6
BLR,,1994,16.9
BLR,,1995,17.2
BLR,,1996,17.5
BLR,,1997,17.9
BLR,,1998,18.2
BLR,,1999,18.5
BLR,,2000,18.8
BLR,,2001,19.1
BLR,,2002,19.5
BLR,,2003,19.8
BLR,,2004,20.2
BLR,,2005,20.5
BLR,,2006,20.9
BLR,,2007,21.2
BLR,,2008,21.6
BLR,,2009,21.9
BLR,,2010,22.3
BLR,,2011,22.7
BLR,,2012,23
BLR,,2013,23.4
BLR,,2014,23.7
BLR,,2015,24.1
BLR,,2016,24.5
,CARINFONET,1980,6.29424086
,CARINFONET,1981,6.51510722
,CARINFONET,1982,6.72567417
,CARINFONET,1983,6.90655793
,CARINFONET,1984,7.12308108
,CARINFONET,1985,7.33135921
,CARINFONET,1986,7.55486676
,CARINFONET,1987,7.76854454
,CARINFONET,1988,7.99276285
,CARINFONET,1989,8.21595946
,CARINFONET,1990,8.4282797
,CARINFONET,1991,8.6558941
,CARINFONET,1992,8.87595776
,CARINFONET,1993,9.10653971
,CARINFONET,1994,9.31423587
,CARINFONET,1995,9.56293386
,CARINFONET,1996,9.76873789
,CARINFONET,1997,9.98342057
,CARINFONET,1998,10.23818702
,CARINFONET,1999,10.51296412
,CARINFONET,2000,10.81144006
,CARINFONET,2001,11.11476077
,CARINFONET,2002,11.41042617
,CARINFONET,2003,11.74383655
,CARINFONET,2004,12.07184028
,CARINFONET,2005,12.44975142
,CARINFONET,2006,12.86705381
,CARINFONET,2007,13.24097946
,CARINFONET,2008,13.64424959
,CARINFONET,2009,14.08382397
,CARINFONET,2010,14.54051594
,CARINFONET,2011,14.9840462
,CARINFONET,2012,15.46811425
,CARINFONET,2013,15.97002205
,CARINFONET,2014,16.49910013
,CARINFONET,2015,17.04367363
,CARINFONET,2016,17.60636208
CHE,,1975,5
CHE,,1976,5.2
CHE,,1977,5.4
CHE,,1978,5.5
CHE,,1979,5.7
CHE,,1980,5.9
CHE,,1981,6.1
CHE,,1982,6.4
CHE,,1983,6.7
CHE,,1984,7
CHE,,1985,7.4
CHE,,1986,7.8
CHE,,1987,8.3
CHE,,1988,8.8
CHE,,1989,9.3
CHE,,1990,9.9
CHE,,1991,10.4
CHE,,1992,10.9
CHE,,1993,11.3
CHE,,1994,11.8
CHE,,1995,12.2
CHE,,1996,12.5
CHE,,1997,12.9
CHE,,1998,13.2
CHE,,1999,13.5
CHE,,2000,13.9
CHE,,2001,14.2
CHE,,2002,14.5
CHE,,2003,14.8
CHE,,2004,15.2
CHE,,2005,15.5
CHE,,2006,15.9
CHE,,2007,16.2
CHE,,2008,16.5
CHE,,2009,16.9
CHE,,2010,17.3
CHE,,2011,17.6
CHE,,2012,18
CHE,,2013,18.4
CHE,,2014,18.7
CHE,,2015,19.1
CHE,,2016,19.5
,CIS,1980,12.93957441
,CIS,1981,13.16362208
,CIS,1982,13.43220962
,CIS,1983,13.63426839
,CIS,1984,13.85773758
,CIS,1985,14.07141747
,CIS,1986,14.285666
,CIS,1987,14.49862314
,CIS,1988,14.71534851
,CIS,1989,14.91633117
,CIS,1990,15.12936752
,CIS,1991,15.34433882
,CIS,1992,15.4890887
,CIS,1993,15.67947208
,CIS,1994,15.89266849
,CIS,1995,16.03944077
,CIS,1996,16.24679744
,CIS,1997,16.46690864
,CIS,1998,16.67136518
,CIS,1999,16.8277446
,CIS,2000,17.05215295
,CIS,2001,17.30510767
,CIS,2002,17.53053387
,CIS,2003,17.77456601
,CIS,2004,18.01720332
,CIS,2005,18.31576775
,CIS,2006,18.58095774
,CIS,2007,18.87150414
,CIS,2008,19.12744618
,CIS,2009,19.44135189
,CIS,2010,19.71046448
,CIS,2011,20.04762428
,CIS,2012,20.32946665
,CIS,2013,20.6658276
,CIS,2014,21.04953527
,CIS,2015,21.39792602
,CIS,2016,21.78057467
CYP,,1975,5.5
CYP,,1976,5.9
CYP,,1977,6.3
CYP,,1978,6.7
CYP,,1979,7.2
CYP,,1980,7.7
CYP,,1981,8.2
CYP,,1982,8.8
CYP,,1983,9.3
CYP,,1984,9.8
CYP,,1985,10.4
CYP,,1986,10.9
CYP,,1987,11.3
CYP,,1988,11.8
CYP,,1989,12.2
CYP,,1990,12.6
CYP,,1991,13
CYP,,1992,13.4
CYP,,1993,13.8
CYP,,1994,14.2
CYP,,1995,14.6
CYP,,1996,15
CYP,,1997,15.3
CYP,,1998,15.7
CYP,,1999,16.1
CYP,,2000,16.4
CYP,,2001,16.8
CYP,,2002,17.1
CYP,,2003,17.5
CYP,,2004,17.8
CYP,,2005,18.2
CYP,,2006,18.5
CYP,,2007,18.8
CYP,,2008,19.1
CYP,,2009,19.4
CYP,,2010,19.8
CYP,,2011,20.1
CYP,,2012,20.4
CYP,,2013,20.7
CYP,,2014,21.1
CYP,,2015,21.4
CYP,,2016,21.8
CZE,,1975,13.8
CZE,,1976,14.2
CZE,,1977,14.6
CZE,,1978,15
CZE,,1979,15.5
CZE,,1980,15.9
CZE,,1981,16.3
CZE,,1982,16.7
CZE,,1983,17.1
CZE,,1984,17.4
CZE,,1985,17.6
CZE,,1986,17.9
CZE,,1987,18.1
CZE,,1988,18.4
CZE,,1989,18.6
CZE,,1990,18.8
CZE,,1991,19
CZE,,1992,19.2
CZE,,1993,19.4
CZE,,1994,19.6
CZE,,1995,19.8
CZE,,1996,20
CZE,,1997,20.3
CZE,,1998,20.5
CZE,,1999,20.7
CZE,,2000,21
CZE,,2001,21.2
CZE,,2002,21.5
CZE,,2003,21.7
CZE,,2004,22
CZE,,2005,22.3
CZE,,2006,22.6
CZE,,2007,22.9
CZE,,2008,23.2
CZE,,2009,23.6
CZE,,2010,23.9
CZE,,2011,24.2
CZE,,2012,24.5
CZE,,2013,24.9
CZE,,2014,25.2
CZE,,2015,25.6
CZE,,2016,26
DEU,,1975,9
DEU,,1976,9.2
DEU,,1977,9.4
DEU,,1978,9.6
DEU,,1979,9.8
DEU,,1980,10.1
DEU,,1981,10.3
DEU,,1982,10.6
DEU,,1983,10.8
DEU,,1984,11.1
DEU,,1985,11.3
DEU,,1986,11.6
DEU,,1987,11.9
DEU,,1988,12.2
DEU,,1989,12.5
DEU,,1990,12.8
DEU,,1991,13.2
DEU,,1992,13.5
DEU,,1993,13.8
DEU,,1994,14.2
DEU,,1995,14.5
DEU,,1996,14.9
DEU,,1997,15.2
DEU,,1998,15.6
DEU,,1999,15.9
DEU,,2000,16.3
DEU,,2001,16.6
DEU,,2002,17
DEU,,2003,17.3
DEU,,2004,17.7
DEU,,2005,18
DEU,,2006,18.4
DEU,,2007,18.8
DEU,,2008,19.2
DEU,,2009,19.5
DEU,,2010,19.9
DEU,,2011,20.3
DEU,,2012,20.7
DEU,,2013,21.1
DEU,,2014,21.5
DEU,,2015,21.9
DEU,,2016,22.3
DNK,,1975,7.2
DNK,,1976,7.4
DNK,,1977,7.6
DNK,,1978,7.9
DNK,,1979,8.1
DNK,,1980,8.4
DNK,,1981,8.6
DNK,,1982,8.9
DNK,,1983,9.1
DNK,,1984,9.4
DNK,,1985,9.6
DNK,,1986,9.9
DNK,,1987,10.2
DNK,,1988,10.4
DNK,,1989,10.7
DNK,,1990,11
DNK,,1991,11.3
DNK,,1992,11.6
DNK,,1993,11.9
DNK,,1994,12.2
DNK,,1995,12.5
DNK,,1996,12.8
DNK,,1997,13.1
DNK,,1998,13.4
DNK,,1999,13.7
DNK,,2000,14
DNK,,2001,14.4
DNK,,2002,14.7
DNK,,2003,15
DNK,,2004,15.3
DNK,,2005,15.7
DNK,,2006,16
DNK,,2007,16.4
DNK,,2008,16.7
DNK,,2009,17.1
DNK,,2010,17.4
DNK,,2011,17.8
DNK,,2012,18.1
DNK,,2013,18.5
DNK,,2014,18.9
DNK,,2015,19.3
DNK,,2016,19.7
ESP,,1975,9.7
ESP,,1976,10.1
ESP,,1977,10.4
ESP,,1978,10.8
ESP,,1979,11.1
ESP,,1980,11.5
ESP,,1981,11.8
ESP,,1982,12.2
ESP,,1983,12.5
ESP,,1984,12.9
ESP,,1985,13.2
ESP,,1986,13.5
ESP,,1987,13.9
ESP,,1988,14.2
ESP,,1989,14.6
ESP,,1990,14.9
ESP,,1991,15.3
ESP,,1992,15.6
ESP,,1993,15.9
ESP,,1994,16.3
ESP,,1995,16.6
ESP,,1996,17
ESP,,1997,17.3
ESP,,1998,17.6
ESP,,1999,18
ESP,,2000,18.3
ESP,,2001,18.6
ESP,,2002,19
ESP,,2003,19.3
ESP,,2004,19.7
ESP,,2005,20
ESP,,2006,20.3
ESP,,2007,20.7
ESP,,2008,21
ESP,,2009,21.3
ESP,,2010,21.7
ESP,,2011,22
ESP,,2012,22.4
ESP,,2013,22.7
ESP,,2014,23.1
ESP,,2015,23.4
ESP,,2016,23.8
EST,,1975,12.7
EST,,1976,12.9
EST,,1977,13.1
EST,,1978,13.4
EST,,1979,13.6
EST,,1980,13.8
EST,,1981,14
EST,,1982,14.2
EST,,1983,14.4
EST,,1984,14.6
EST,,1985,14.8
EST,,1986,15
EST,,1987,15.2
EST,,1988,15.4
EST,,1989,15.5
EST,,1990,15.7
EST,,1991,15.9
EST,,1992,16.1
EST,,1993,16.2
EST,,1994,16.4
EST,,1995,16.5
EST,,1996,16.7
EST,,1997,16.9
EST,,1998,17
EST,,1999,17.2
EST,,2000,17.4
EST,,2001,17.6
EST,,2002,17.8
EST,,2003,18
EST,,2004,18.2
EST,,2005,18.4
EST,,2006,18.6
EST,,2007,18.9
EST,,2008,19.1
EST,,2009,19.4
EST,,2010,19.6
EST,,2011,19.9
EST,,2012,20.1
EST,,2013,20.4
EST,,2014,20.7
EST,,2015,20.9
EST,,2016,21.2
,EU_AFTER_MAY2004,1975,10.55177696
,EU_AFTER_MAY2004,1976,10.82191944
,EU_AFTER_MAY2004,1977,11.15207855
,EU_AFTER_MAY2004,1978,11.45593765
,EU_AFTER_MAY2004,1979,11.78960049
,EU_AFTER_MAY2004,1980,12.10586898
,EU_AFTER_MAY2004,1981,12.43567444
,EU_AFTER_MAY2004,1982,12.71445032
,EU_AFTER_MAY2004,1983,13.02686921
,EU_AFTER_MAY2004,1984,13.36556703
,EU_AFTER_MAY2004,1985,13.65606674
,EU_AFTER_MAY2004,1986,13.95785307
,EU_AFTER_MAY2004,1987,14.23313123
,EU_AFTER_MAY2004,1988,14.54299475
,EU_AFTER_MAY2004,1989,14.82808271
,EU_AFTER_MAY2004,1990,15.13472744
,EU_AFTER_MAY2004,1991,15.40530409
,EU_AFTER_MAY2004,1992,15.6882754
,EU_AFTER_MAY2004,1993,15.99153006
,EU_AFTER_MAY2004,1994,16.24616184
,EU_AFTER_MAY2004,1995,16.51997408
,EU_AFTER_MAY2004,1996,16.7695298
,EU_AFTER_MAY2004,1997,17.04708689
,EU_AFTER_MAY2004,1998,17.33507487
,EU_AFTER_MAY2004,1999,17.57793248
,EU_AFTER_MAY2004,2000,17.87920036
,EU_AFTER_MAY2004,2001,18.16758971
,EU_AFTER_MAY2004,2002,18.47457127
,EU_AFTER_MAY2004,2003,18.76178755
,EU_AFTER_MAY2004,2004,19.13068445
,EU_AFTER_MAY2004,2005,19.44987281
,EU_AFTER_MAY2004,2006,19.78602421
,EU_AFTER_MAY2004,2007,20.17340798
,EU_AFTER_MAY2004,2008,20.51769429
,EU_AFTER_MAY2004,2009,20.91015605
,EU_AFTER_MAY2004,2010,21.25240097
,EU_AFTER_MAY2004,2011,21.63988336
,EU_AFTER_MAY2004,2012,22.01090383
,EU_AFTER_MAY2004,2013,22.39831202
,EU_AFTER_MAY2004,2014,22.83384109
,EU_AFTER_MAY2004,2015,23.2532107
,EU_AFTER_MAY2004,2016,23.66724998
,EU_BEFORE_MAY2004,1975,8.69428854
,EU_BEFORE_MAY2004,1976,8.93438952
,EU_BEFORE_MAY2004,1977,9.17729526
,EU_BEFORE_MAY2004,1978,9.4072983
,EU_BEFORE_MAY2004,1979,9.66048148
,EU_BEFORE_MAY2004,1980,9.94992019
,EU_BEFORE_MAY2004,1981,10.19648883
,EU_BEFORE_MAY2004,1982,10.48712988
,EU_BEFORE_MAY2004,1983,10.73188923
,EU_BEFORE_MAY2004,1984,11.03503743
,EU_BEFORE_MAY2004,1985,11.29275871
,EU_BEFORE_MAY2004,1986,11.59121042
,EU_BEFORE_MAY2004,1987,11.88240934
,EU_BEFORE_MAY2004,1988,12.18113667
,EU_BEFORE_MAY2004,1989,12.50104681
,EU_BEFORE_MAY2004,1990,12.79761617
,EU_BEFORE_MAY2004,1991,13.15406793
,EU_BEFORE_MAY2004,1992,13.47886045
,EU_BEFORE_MAY2004,1993,13.78644164
,EU_BEFORE_MAY2004,1994,14.16286645
,EU_BEFORE_MAY2004,1995,14.50879098
,EU_BEFORE_MAY2004,1996,14.88469228
,EU_BEFORE_MAY2004,1997,15.22594924
,EU_BEFORE_MAY2004,1998,15.60070807
,EU_BEFORE_MAY2004,1999,15.97575258
,EU_BEFORE_MAY2004,2000,16.34679593
,EU_BEFORE_MAY2004,2001,16.72799071
,EU_BEFORE_MAY2004,2002,17.11509745
,EU_BEFORE_MAY2004,2003,17.49448181
,EU_BEFORE_MAY2004,2004,17.88022584
,EU_BEFORE_MAY2004,2005,18.27370385
,EU_BEFORE_MAY2004,2006,18.65921865
,EU_BEFORE_MAY2004,2007,19.08387102
,EU_BEFORE_MAY2004,2008,19.47537051
,EU_BEFORE_MAY2004,2009,19.85011282
,EU_BEFORE_MAY2004,2010,20.24812011
,EU_BEFORE_MAY2004,2011,20.65343196
,EU_BEFORE_MAY2004,2012,21.09108738
,EU_BEFORE_MAY2004,2013,21.48576679
,EU_BEFORE_MAY2004,2014,21.90621364
,EU_BEFORE_MAY2004,2015,22.31824727
,EU_BEFORE_MAY2004,2016,22.74470981
,EU_MEMBERS,1975,9.12073539
,EU_MEMBERS,1976,9.36817537
,EU_MEMBERS,1977,9.6325615
,EU_MEMBERS,1978,9.88078508
,EU_MEMBERS,1979,10.1542141
,EU_MEMBERS,1980,10.4495433
,EU_MEMBERS,1981,10.71639272
,EU_MEMBERS,1982,11.0061904
,EU_MEMBERS,1983,11.26812968
,EU_MEMBERS,1984,11.58096433
,EU_MEMBERS,1985,11.84776999
,EU_MEMBERS,1986,12.14793898
,EU_MEMBERS,1987,12.43624849
,EU_MEMBERS,1988,12.737934
,EU_MEMBERS,1989,13.04906063
,EU_MEMBERS,1990,13.34602873
,EU_MEMBERS,1991,13.68112992
,EU_MEMBERS,1992,13.99234675
,EU_MEMBERS,1993,14.29695615
,EU_MEMBERS,1994,14.64393425
,EU_MEMBERS,1995,14.97180914
,EU_MEMBERS,1996,15.31638373
,EU_MEMBERS,1997,15.64200601
,EU_MEMBERS,1998,15.9956534
,EU_MEMBERS,1999,16.33979159
,EU_MEMBERS,2000,16.69226527
,EU_MEMBERS,2001,17.05067531
,EU_MEMBERS,2002,17.4168302
,EU_MEMBERS,2003,17.77398097
,EU_MEMBERS,2004,18.15430321
,EU_MEMBERS,2005,18.53036469
,EU_MEMBERS,2006,18.90340344
,EU_MEMBERS,2007,19.31872386
,EU_MEMBERS,2008,19.69905964
,EU_MEMBERS,2009,20.07683272
,EU_MEMBERS,2010,20.46187259
,EU_MEMBERS,2011,20.86268277
,EU_MEMBERS,2012,21.28483579
,EU_MEMBERS,2013,21.67920112
,EU_MEMBERS,2014,22.09959216
,EU_MEMBERS,2015,22.51173264
,EU_MEMBERS,2016,22.93482651
FIN,,1975,6.9
FIN,,1976,7.2
FIN,,1977,7.5
FIN,,1978,7.8
FIN,,1979,8.2
FIN,,1980,8.5
FIN,,1981,8.8
FIN,,1982,9.2
FIN,,1983,9.6
FIN,,1984,9.9
FIN,,1985,10.3
FIN,,1986,10.7
FIN,,1987,11.1
FIN,,1988,11.5
FIN,,1989,12
FIN,,1990,12.4
FIN,,1991,12.8
FIN,,1992,13.2
FIN,,1993,13.6
FIN,,1994,14
FIN,,1995,14.4
FIN,,1996,14.8
FIN,,1997,15.2
FIN,,1998,15.6
FIN,,1999,16
FIN,,2000,16.4
FIN,,2001,16.7
FIN,,2002,17.1
FIN,,2003,17.5
FIN,,2004,17.8
FIN,,2005,18.2
FIN,,2006,18.5
FIN,,2007,18.9
FIN,,2008,19.3
FIN,,2009,19.6
FIN,,2010,20
FIN,,2011,20.3
FIN,,2012,20.7
FIN,,2013,21.1
FIN,,2014,21.4
FIN,,2015,21.8
FIN,,2016,22.2
FRA,,1975,8.8
FRA,,1976,9.1
FRA,,1977,9.3
FRA,,1978,9.5
FRA,,1979,9.8
FRA,,1980,10
FRA,,1981,10.3
FRA,,1982,10.5
FRA,,1983,10.7
FRA,,1984,11
FRA,,1985,11.2
FRA,,1986,11.5
FRA,,1987,11.8
FRA,,1988,12
FRA,,1989,12.3
FRA,,1990,12.6
FRA,,1991,12.9
FRA,,1992,13.2
FRA,,1993,13.5
FRA,,1994,13.8
FRA,,1995,14.1
FRA,,1996,14.5
FRA,,1997,14.8
FRA,,1998,15.1
FRA,,1999,15.5
FRA,,2000,15.8
FRA,,2001,16.2
FRA,,2002,16.5
FRA,,2003,16.9
FRA,,2004,17.2
FRA,,2005,17.6
FRA,,2006,17.9
FRA,,2007,18.3
FRA,,2008,18.6
FRA,,2009,19
FRA,,2010,19.3
FRA,,2011,19.7
FRA,,2012,20.1
FRA,,2013,20.4
FRA,,2014,20.8
FRA,,2015,21.2
FRA,,2016,21.6
GBR,,1975,9.4
GBR,,1976,9.6
GBR,,1977,9.9
GBR,,1978,10.1
GBR,,1979,10.4
GBR,,1980,10.7
GBR,,1981,11
GBR,,1982,11.3
GBR,,1983,11.6
GBR,,1984,11.9
GBR,,1985,12.3
GBR,,1986,12.6
GBR,,1987,12.9
GBR,,1988,13.3
GBR,,1989,13.6
GBR,,1990,14
GBR,,1991,14.4
GBR,,1992,14.8
GBR,,1993,15.2
GBR,,1994,15.7
GBR,,1995,16.2
GBR,,1996,16.6
GBR,,1997,17.1
GBR,,1998,17.6
GBR,,1999,18.1
GBR,,2000,18.6
GBR,,2001,19.2
GBR,,2002,19.7
GBR,,2003,20.3
GBR,,2004,20.8
GBR,,2005,21.4
GBR,,2006,21.9
GBR,,2007,22.5
GBR,,2008,23.1
GBR,,2009,23.6
GBR,,2010,24.2
GBR,,2011,24.8
GBR,,2012,25.4
GBR,,2013,26
GBR,,2014,26.6
GBR,,2015,27.2
GBR,,2016,27.8
GEO,,1975,6.5
GEO,,1976,6.7
GEO,,1977,7
GEO,,1978,7.2
GEO,,1979,7.5
GEO,,1980,7.8
GEO,,1981,8
GEO,,1982,8.3
GEO,,1983,8.6
GEO,,1984,8.9
GEO,,1985,9.2
GEO,,1986,9.5
GEO,,1987,9.8
GEO,,1988,10.1
GEO,,1989,10.4
GEO,,1990,10.7
GEO,,1991,11
GEO,,1992,11.3
GEO,,1993,11.6
GEO,,1994,11.9
GEO,,1995,12.2
GEO,,1996,12.5
GEO,,1997,12.8
GEO,,1998,13.1
GEO,,1999,13.4
GEO,,2000,13.7
GEO,,2001,14.1
GEO,,2002,14.5
GEO,,2003,14.9
GEO,,2004,15.3
GEO,,2005,15.7
GEO,,2006,16.1
GEO,,2007,16.6
GEO,,2008,17.1
GEO,,2009,17.6
GEO,,2010,18.2
GEO,,2011,18.7
GEO,,2012,19.3
GEO,,2013,19.9
GEO,,2014,20.5
GEO,,2015,21.1
GEO,,2016,21.7
GRC,,1975,9.8
GRC,,1976,10.2
GRC,,1977,10.5
GRC,,1978,10.8
GRC,,1979,11.2
GRC,,1980,11.5
GRC,,1981,11.8
GRC,,1982,12.2
GRC,,1983,12.5
GRC,,1984,12.9
GRC,,1985,13.2
GRC,,1986,13.6
GRC,,1987,13.9
GRC,,1988,14.2
GRC,,1989,14.6
GRC,,1990,14.9
GRC,,1991,15.3
GRC,,1992,15.6
GRC,,1993,16
GRC,,1994,16.4
GRC,,1995,16.7
GRC,,1996,17.1
GRC,,1997,17.4
GRC,,1998,17.8
GRC,,1999,18.2
GRC,,2000,18.5
GRC,,2001,18.9
GRC,,2002,19.3
GRC,,2003,19.6
GRC,,2004,20
GRC,,2005,20.4
GRC,,2006,20.8
GRC,,2007,21.2
GRC,,2008,21.6
GRC,,2009,22
GRC,,2010,22.4
GRC,,2011,22.8
GRC,,2012,23.2
GRC,,2013,23.6
GRC,,2014,24
GRC,,2015,24.4
GRC,,2016,24.9
HRV,,1975,9.2
HRV,,1976,9.5
HRV,,1977,9.9
HRV,,1978,10.3
HRV,,1979,10.6
HRV,,1980,11
HRV,,1981,11.4
HRV,,1982,11.8
HRV,,1983,12.1
HRV,,1984,12.5
HRV,,1985,12.8
HRV,,1986,13.1
HRV,,1987,13.4
HRV,,1988,13.7
HRV,,1989,14
HRV,,1990,14.3
HRV,,1991,14.6
HRV,,1992,14.9
HRV,,1993,15.2
HRV,,1994,15.6
HRV,,1995,15.9
HRV,,1996,16.2
HRV,,1997,16.5
HRV,,1998,16.9
HRV,,1999,17.2
HRV,,2000,17.5
HRV,,2001,17.9
HRV,,2002,18.3
HRV,,2003,18.6
HRV,,2004,19
HRV,,2005,19.4
HRV,,2006,19.8
HRV,,2007,20.2
HRV,,2008,20.7
HRV,,2009,21.1
HRV,,2010,21.6
HRV,,2011,22
HRV,,2012,22.5
HRV,,2013,22.9
HRV,,2014,23.4
HRV,,2015,23.9
HRV,,2016,24.4
HUN,,1975,12.6
HUN,,1976,12.9
HUN,,1977,13.2
HUN,,1978,13.5
HUN,,1979,13.8
HUN,,1980,14.1
HUN,,1981,14.4
HUN,,1982,14.6
HUN,,1983,14.9
HUN,,1984,15.2
HUN,,1985,15.5
HUN,,1986,15.8
HUN,,1987,16.1
HUN,,1988,16.3
HUN,,1989,16.6
HUN,,1990,16.9
HUN,,1991,17.2
HUN,,1992,17.4
HUN,,1993,17.7
HUN,,1994,18
HUN,,1995,18.2
HUN,,1996,18.5
HUN,,1997,18.7
HUN,,1998,19
HUN,,1999,19.3
HUN,,2000,19.6
HUN,,2001,19.9
HUN,,2002,20.2
HUN,,2003,20.5
HUN,,2004,20.9
HUN,,2005,21.3
HUN,,2006,21.7
HUN,,2007,22.2
HUN,,2008,22.6
HUN,,2009,23.1
HUN,,2010,23.5
HUN,,2011,24
HUN,,2012,24.5
HUN,,2013,25
HUN,,2014,25.4
HUN,,2015,25.9
HUN,,2016,26.4
IRL,,1975,6.4
IRL,,1976,6.6
IRL,,1977,6.9
IRL,,1978,7.2
IRL,,1979,7.5
IRL,,1980,7.8
IRL,,1981,8.1
IRL,,1982,8.4
IRL,,1983,8.7
IRL,,1984,9.1
IRL,,1985,9.4
IRL,,1986,9.8
IRL,,1987,10.1
IRL,,1988,10.5
IRL,,1989,10.9
IRL,,1990,11.3
IRL,,1991,11.7
IRL,,1992,12.1
IRL,,1993,12.5
IRL,,1994,13
IRL,,1995,13.5
IRL,,1996,13.9
IRL,,1997,14.4
IRL,,1998,14.9
IRL,,1999,15.4
IRL,,2000,16
IRL,,2001,16.5
IRL,,2002,17
IRL,,2003,17.6
IRL,,2004,18.1
IRL,,2005,18.7
IRL,,2006,19.3
IRL,,2007,19.8
IRL,,2008,20.4
IRL,,2009,21
IRL,,2010,21.6
IRL,,2011,22.2
IRL,,2012,22.8
IRL,,2013,23.4
IRL,,2014,24
IRL,,2015,24.7
IRL,,2016,25.3
ISL,,1975,8.4
ISL,,1976,8.7
ISL,,1977,8.9
ISL,,1978,9.1
ISL,,1979,9.4
ISL,,1980,9.7
ISL,,1981,9.9
ISL,,1982,10.2
ISL,,1983,10.5
ISL,,1984,10.7
ISL,,1985,11
ISL,,1986,11.3
ISL,,1987,11.6
ISL,,1988,12
ISL,,1989,12.3
ISL,,1990,12.6
ISL,,1991,12.9
ISL,,1992,13.3
ISL,,1993,13.6
ISL,,1994,13.9
ISL,,1995,14.3
ISL,,1996,14.6
ISL,,1997,15
ISL,,1998,15.3
ISL,,1999,15.7
ISL,,2000,16
ISL,,2001,16.4
ISL,,2002,16.8
ISL,,2003,17.1
ISL,,2004,17.5
ISL,,2005,17.8
ISL,,2006,18.2
ISL,,2007,18.5
ISL,,2008,18.9
ISL,,2009,19.2
ISL,,2010,19.6
ISL,,2011,20
ISL,,2012,20.3
ISL,,2013,20.7
ISL,,2014,21.1
ISL,,2015,21.5
"ISL","","2016","21.9"
"ISR","","1975","12.9"
"ISR","","1976","13.3"
"ISR","","1977","13.6"
"ISR","","1978","13.9"
"ISR","","1979","14.2"
"ISR","","1980","14.6"
"ISR","","1981","14.9"
"ISR","","1982","15.2"
"ISR","","1983","15.5"
"ISR","","1984","15.9"
"ISR","","1985","16.2"
"ISR","","1986","16.5"
"ISR","","1987","16.8"
"ISR","","1988","17.1"
"ISR","","1989","17.5"
"ISR","","1990","17.8"
"ISR","","1991","18.1"
"ISR","","1992","18.4"
"ISR","","1993","18.8"
"ISR","","1994","19.1"
"ISR","","1995","19.5"
"ISR","","1996","19.8"
"ISR","","1997","20.1"
"ISR","","1998","20.4"
"ISR","","1999","20.8"
"ISR","","2000","21.1"
"ISR","","2001","21.4"
"ISR","","2002","21.7"
"ISR","","2003","22.1"
"ISR","","2004","22.4"
"ISR","","2005","22.7"
"ISR","","2006","23"
"ISR","","2007","23.3"
"ISR","","2008","23.6"
"ISR","","2009","23.9"
"ISR","","2010","24.2"
"ISR","","2011","24.5"
"ISR","","2012","24.8"
"ISR","","2013","25.1"
"ISR","","2014","25.5"
"ISR","","2015","25.8"
"ISR","","2016","26.1"
"ITA","","1975","8.4"
"ITA","","1976","8.6"
"ITA","","1977","8.9"
"ITA","","1978","9.1"
"ITA","","1979","9.3"
"ITA","","1980","9.6"
"ITA","","1981","9.8"
"ITA","","1982","10.1"
"ITA","","1983","10.3"
"ITA","","1984","10.6"
"ITA","","1985","10.8"
"ITA","","1986","11.1"
"ITA","","1987","11.3"
"ITA","","1988","11.6"
"ITA","","1989","11.9"
"ITA","","1990","12.1"
"ITA","","1991","12.4"
"ITA","","1992","12.7"
"ITA","","1993","12.9"
"ITA","","1994","13.2"
"ITA","","1995","13.5"
"ITA","","1996","13.8"
"ITA","","1997","14.1"
"ITA","","1998","14.4"
"ITA","","1999","14.7"
"ITA","","2000","15"
"ITA","","2001","15.3"
"ITA","","2002","15.6"
"ITA","","2003","15.9"
"ITA","","2004","16.2"
"ITA","","2005","16.5"
"ITA","","2006","16.9"
"ITA","","2007","17.2"
"ITA","","2008","17.5"
"ITA","","2009","17.8"
"ITA","","2010","18.1"
"ITA","","2011","18.3"
"ITA","","2012","18.7"
"ITA","","2013","19"
"ITA","","2014","19.3"
"ITA","","2015","19.6"
"ITA","","2016","19.9"
"KAZ","","1975","6.7"
"KAZ","","1976","6.9"
"KAZ","","1977","7.2"
"KAZ","","1978","7.4"
"KAZ","","1979","7.7"
"KAZ","","1980","7.9"
"KAZ","","1981","8.2"
"KAZ","","1982","8.5"
"KAZ","","1983","8.7"
"KAZ","","1984","9"
"KAZ","","1985","9.3"
"KAZ","","1986","9.6"
"KAZ","","1987","9.9"
"KAZ","","1988","10.2"
"KAZ","","1989","10.5"
"KAZ","","1990","10.8"
"KAZ","","1991","11.1"
"KAZ","","1992","11.4"
"KAZ","","1993","11.7"
"KAZ","","1994","12"
"KAZ","","1995","12.3"
"KAZ","","1996","12.6"
"KAZ","","1997","12.9"
"KAZ","","1998","13.3"
"KAZ","","1999","13.6"
"KAZ","","2000","14"
"KAZ","","2001","14.4"
"KAZ","","2002","14.7"
"KAZ","","2003","15.1"
"KAZ","","2004","15.5"
"KAZ","","2005","15.9"
"KAZ","","2006","16.3"
"KAZ","","2007","16.7"
"KAZ","","2008","17.1"
"KAZ","","2009","17.6"
"KAZ","","2010","18"
"KAZ","","2011","18.5"
"KAZ","","2012","19"
"KAZ","","2013","19.5"
"KAZ","","2014","20"
"KAZ","","2015","20.5"
"KAZ","","2016","21"
"KGZ","","1975","4.5"
"KGZ","","1976","4.7"
"KGZ","","1977","4.8"
"KGZ","","1978","5"
"KGZ","","1979","5.2"
"KGZ","","1980","5.3"
"KGZ","","1981","5.5"
"KGZ","","1982","5.7"
"KGZ","","1983","5.9"
"KGZ","","1984","6"
"KGZ","","1985","6.2"
"KGZ","","1986","6.4"
"KGZ","","1987","6.6"
"KGZ","","1988","6.8"
"KGZ","","1989","7"
"KGZ","","1990","7.2"
"KGZ","","1991","7.4"
"KGZ","","1992","7.7"
"KGZ","","1993","7.9"
"KGZ","","1994","8.1"
"KGZ","","1995","8.3"
"KGZ","","1996","8.6"
"KGZ","","1997","8.8"
"KGZ","","1998","9.1"
"KGZ","","1999","9.4"
"KGZ","","2000","9.6"
"KGZ","","2001","9.9"
"KGZ","","2002","10.2"
"KGZ","","2003","10.6"
"KGZ","","2004","10.9"
"KGZ","","2005","11.3"
"KGZ","","2006","11.7"
"KGZ","","2007","12.1"
"KGZ","","2008","12.5"
"KGZ","","2009","13"
"KGZ","","2010","13.4"
"KGZ","","2011","13.9"
"KGZ","","2012","14.4"
"KGZ","","2013","14.9"
"KGZ","","2014","15.5"
"KGZ","","2015","16"
"KGZ","","2016","16.6"
"LTU","","1975","12.9"
"LTU","","1976","13.4"
"LTU","","1977","13.8"
"LTU","","1978","14.2"
"LTU","","1979","14.7"
"LTU","","1980","15.1"
"LTU","","1981","15.6"
"LTU","","1982","16"
"LTU","","1983","16.4"
"LTU","","1984","16.9"
"LTU","","1985","17.3"
"LTU","","1986","17.6"
"LTU","","1987","18"
"LTU","","1988","18.4"
"LTU","","1989","18.7"
"LTU","","1990","19.1"
"LTU","","1991","19.4"
"LTU","","1992","19.7"
"LTU","","1993","20"
"LTU","","1994","20.2"
"LTU","","1995","20.5"
"LTU","","1996","20.7"
"LTU","","1997","20.9"
"LTU","","1998","21.2"
"LTU","","1999","21.4"
"LTU","","2000","21.6"
"LTU","","2001","21.9"
"LTU","","2002","22.1"
"LTU","","2003","22.4"
"LTU","","2004","22.6"
"LTU","","2005","22.9"
"LTU","","2006","23.2"
"LTU","","2007","23.5"
"LTU","","2008","23.8"
"LTU","","2009","24.1"
"LTU","","2010","24.4"
"LTU","","2011","24.7"
"LTU","","2012","25"
"LTU","","2013","25.3"
"LTU","","2014","25.6"
"LTU","","2015","26"
"LTU","","2016","26.3"
"LUX","","1975","7.9"
"LUX","","1976","8.1"
"LUX","","1977","8.4"
"LUX","","1978","8.7"
"LUX","","1979","9"
"LUX","","1980","9.3"
"LUX","","1981","9.6"
"LUX","","1982","9.9"
"LUX","","1983","10.2"
"LUX","","1984","10.5"
"LUX","","1985","10.8"
"LUX","","1986","11"
"LUX","","1987","11.3"
"LUX","","1988","11.6"
"LUX","","1989","11.9"
"LUX","","1990","12.2"
"LUX","","1991","12.5"
"LUX","","1992","12.8"
"LUX","","1993","13.2"
"LUX","","1994","13.5"
"LUX","","1995","13.9"
"LUX","","1996","14.3"
"LUX","","1997","14.7"
"LUX","","1998","15.1"
"LUX","","1999","15.5"
"LUX","","2000","15.8"
"LUX","","2001","16.2"
"LUX","","2002","16.6"
"LUX","","2003","17.1"
"LUX","","2004","17.5"
"LUX","","2005","17.9"
"LUX","","2006","18.3"
"LUX","","2007","18.7"
"LUX","","2008","19.2"
"LUX","","2009","19.6"
"LUX","","2010","20"
"LUX","","2011","20.4"
"LUX","","2012","20.9"
"LUX","","2013","21.3"
"LUX","","2014","21.7"
"LUX","","2015","22.2"
"LUX","","2016","22.6"
"LVA","","1975","13.4"
"LVA","","1976","13.7"
"LVA","","1977","14"
"LVA","","1978","14.3"
"LVA","","1979","14.5"
"LVA","","1980","14.8"
"LVA","","1981","15.1"
"LVA","","1982","15.4"
"LVA","","1983","15.7"
"LVA","","1984","15.9"
"LVA","","1985","16.2"
"LVA","","1986","16.4"
"LVA","","1987","16.6"
"LVA","","1988","16.8"
"LVA","","1989","17.1"
"LVA","","1990","17.3"
"LVA","","1991","17.5"
"LVA","","1992","17.7"
"LVA","","1993","17.9"
"LVA","","1994","18.1"
"LVA","","1995","18.3"
"LVA","","1996","18.5"
"LVA","","1997","18.7"
"LVA","","1998","18.9"
"LVA","","1999","19.1"
"LVA","","2000","19.3"
"LVA","","2001","19.5"
"LVA","","2002","19.7"
"LVA","","2003","20"
"LVA","","2004","20.2"
"LVA","","2005","20.5"
"LVA","","2006","20.7"
"LVA","","2007","21"
"LVA","","2008","21.3"
"LVA","","2009","21.5"
"LVA","","2010","21.8"
"LVA","","2011","22.1"
"LVA","","2012","22.4"
"LVA","","2013","22.7"
"LVA","","2014","23"
"LVA","","2015","23.3"
"LVA","","2016","23.6"
"MDA","","1975","7.5"
"MDA","","1976","7.8"
"MDA","","1977","8.1"
"MDA","","1978","8.3"
"MDA","","1979","8.6"
"MDA","","1980","8.9"
"MDA","","1981","9.2"
"MDA","","1982","9.5"
"MDA","","1983","9.8"
"MDA","","1984","10.1"
"MDA","","1985","10.4"
"MDA","","1986","10.7"
"MDA","","1987","11"
"MDA","","1988","11.3"
"MDA","","1989","11.6"
"MDA","","1990","11.9"
"MDA","","1991","12.2"
"MDA","","1992","12.5"
"MDA","","1993","12.7"
"MDA","","1994","12.9"
"MDA","","1995","13.2"
"MDA","","1996","13.4"
"MDA","","1997","13.6"
"MDA","","1998","13.8"
"MDA","","1999","14"
"MDA","","2000","14.2"
"MDA","","2001","14.5"
"MDA","","2002","14.7"
"MDA","","2003","15"
"MDA","","2004","15.2"
"MDA","","2005","15.5"
"MDA","","2006","15.7"
"MDA","","2007","16"
"MDA","","2008","16.3"
"MDA","","2009","16.6"
"MDA","","2010","16.9"
"MDA","","2011","17.2"
"MDA","","2012","17.5"
"MDA","","2013","17.8"
"MDA","","2014","18.2"
"MDA","","2015","18.5"
"MDA","","2016","18.9"
"MKD","","1975","9.2"
"MKD","","1976","9.6"
"MKD","","1977","9.9"
"MKD","","1978","10.2"
"MKD","","1979","10.5"
"MKD","","1980","10.8"
"MKD","","1981","11.1"
"MKD","","1982","11.4"
"MKD","","1983","11.7"
"MKD","","1984","12"
"MKD","","1985","12.3"
"MKD","","1986","12.7"
"MKD","","1987","13"
"MKD","","1988","13.3"
"MKD","","1989","13.6"
"MKD","","1990","13.9"
"MKD","","1991","14.3"
"MKD","","1992","14.6"
"MKD","","1993","14.9"
"MKD","","1994","15.3"
"MKD","","1995","15.6"
"MKD","","1996","15.9"
"MKD","","1997","16.2"
"MKD","","1998","16.5"
"MKD","","1999","16.8"
"MKD","","2000","17.1"
"MKD","","2001","17.4"
"MKD","","2002","17.7"
"MKD","","2003","17.9"
"MKD","","2004","18.2"
"MKD","","2005","18.5"
"MKD","","2006","18.8"
"MKD","","2007","19.1"
"MKD","","2008","19.4"
"MKD","","2009","19.8"
"MKD","","2010","20.1"
"MKD","","2011","20.5"
"MKD","","2012","20.8"
"MKD","","2013","21.2"
"MKD","","2014","21.6"
"MKD","","2015","22"
"MKD","","2016","22.4"
"MLT","","1975","15.6"
"MLT","","1976","15.9"
"MLT","","1977","16.1"
"MLT","","1978","16.3"
"MLT","","1979","16.6"
"MLT","","1980","16.8"
"MLT","","1981","17.1"
"MLT","","1982","17.3"
"MLT","","1983","17.6"
"MLT","","1984","17.8"
"MLT","","1985","18.1"
"MLT","","1986","18.4"
"MLT","","1987","18.7"
"MLT","","1988","19"
"MLT","","1989","19.3"
"MLT","","1990","19.6"
"MLT","","1991","19.9"
"MLT","","1992","20.3"
"MLT","","1993","20.6"
"MLT","","1994","20.9"
"MLT","","1995","21.3"
"MLT","","1996","21.6"
"MLT","","1997","22"
"MLT","","1998","22.4"
"MLT","","1999","22.7"
"MLT","","2000","23.1"
"MLT","","2001","23.5"
"MLT","","2002","23.9"
"MLT","","2003","24.2"
"MLT","","2004","24.6"
"MLT","","2005","25"
"MLT","","2006","25.3"
"MLT","","2007","25.7"
"MLT","","2008","26.1"
"MLT","","2009","26.4"
"MLT","","2010","26.8"
"MLT","","2011","27.1"
"MLT","","2012","27.5"
"MLT","","2013","27.8"
"MLT","","2014","28.2"
"MLT","","2015","28.5"
"MLT","","2016","28.9"
"MNE","","1975","6.1"
"MNE","","1976","6.4"
"MNE","","1977","6.6"
"MNE","","1978","6.9"
"MNE","","1979","7.2"
"MNE","","1980","7.5"
"MNE","","1981","7.9"
"MNE","","1982","8.2"
"MNE","","1983","8.6"
"MNE","","1984","8.9"
"MNE","","1985","9.3"
"MNE","","1986","9.7"
"MNE","","1987","10.1"
"MNE","","1988","10.6"
"MNE","","1989","11"
"MNE","","1990","11.4"
"MNE","","1991","11.9"
"MNE","","1992","12.3"
"MNE","","1993","12.8"
"MNE","","1994","13.2"
"MNE","","1995","13.7"
"MNE","","1996","14.2"
"MNE","","1997","14.7"
"MNE","","1998","15.1"
"MNE","","1999","15.6"
"MNE","","2000","16.2"
"MNE","","2001","16.6"
"MNE","","2002","17.1"
"MNE","","2003","17.6"
"MNE","","2004","18.1"
"MNE","","2005","18.6"
"MNE","","2006","19.1"
"MNE","","2007","19.5"
"MNE","","2008","20"
"MNE","","2009","20.4"
"MNE","","2010","20.8"
"MNE","","2011","21.2"
"MNE","","2012","21.6"
"MNE","","2013","22"
"MNE","","2014","22.4"
"MNE","","2015","22.8"
"MNE","","2016","23.3"
"NLD","","1975","5.5"
"NLD","","1976","5.7"
"NLD","","1977","5.8"
"NLD","","1978","6"
"NLD","","1979","6.2"
"NLD","","1980","6.5"
"NLD","","1981","6.7"
"NLD","","1982","6.9"
"NLD","","1983","7.2"
"NLD","","1984","7.4"
"NLD","","1985","7.7"
"NLD","","1986","7.9"
"NLD","","1987","8.2"
"NLD","","1988","8.5"
"NLD","","1989","8.8"
"NLD","","1990","9.1"
"NLD","","1991","9.4"
"NLD","","1992","9.8"
"NLD","","1993","10.1"
"NLD","","1994","10.5"
"NLD","","1995","10.9"
"NLD","","1996","11.3"
"NLD","","1997","11.7"
"NLD","","1998","12.2"
"NLD","","1999","12.6"
"NLD","","2000","13"
"NLD","","2001","13.5"
"NLD","","2002","13.9"
"NLD","","2003","14.4"
"NLD","","2004","14.9"
"NLD","","2005","15.4"
"NLD","","2006","15.8"
"NLD","","2007","16.3"
"NLD","","2008","16.8"
"NLD","","2009","17.3"
"NLD","","2010","17.7"
"NLD","","2011","18.2"
"NLD","","2012","18.6"
"NLD","","2013","19.1"
"NLD","","2014","19.5"
"NLD","","2015","20"
"NLD","","2016","20.4"
"NOR","","1975","7.4"
"NOR","","1976","7.7"
"NOR","","1977","8"
"NOR","","1978","8.3"
"NOR","","1979","8.6"
"NOR","","1980","8.9"
"NOR","","1981","9.2"
"NOR","","1982","9.5"
"NOR","","1983","9.8"
"NOR","","1984","10.1"
"NOR","","1985","10.4"
"NOR","","1986","10.7"
"NOR","","1987","11"
"NOR","","1988","11.3"
"NOR","","1989","11.6"
"NOR","","1990","11.9"
"NOR","","1991","12.3"
"NOR","","1992","12.6"
"NOR","","1993","13"
"NOR","","1994","13.4"
"NOR","","1995","13.8"
"NOR","","1996","14.2"
"NOR","","1997","14.6"
"NOR","","1998","15.1"
"NOR","","1999","15.5"
"NOR","","2000","16"
"NOR","","2001","16.4"
"NOR","","2002","16.8"
"NOR","","2003","17.3"
"NOR","","2004","17.7"
"NOR","","2005","18.2"
"NOR","","2006","18.6"
"NOR","","2007","19"
"NOR","","2008","19.5"
"NOR","","2009","19.9"
"NOR","","2010","20.4"
"NOR","","2011","20.8"
"NOR","","2012","21.3"
"NOR","","2013","21.7"
"NOR","","2014","22.2"
"NOR","","2015","22.6"
"NOR","","2016","23.1"
"","NORDIC","1975","7.44271263"
"","NORDIC","1976","7.72006198"
"","NORDIC","1977","7.95952112"
"","NORDIC","1978","8.22164472"
"","NORDIC","1979","8.48319613"
"","NORDIC","1980","8.74641728"
"","NORDIC","1981","8.98596452"
"","NORDIC","1982","9.27065614"
"","NORDIC","1983","9.56976629"
"","NORDIC","1984","9.8323554"
"","NORDIC","1985","10.09501774"
"","NORDIC","1986","10.38015182"
"","NORDIC","1987","10.70205314"
"","NORDIC","1988","10.96609398"
"","NORDIC","1989","11.3094382"
"","NORDIC","1990","11.59416547"
"","NORDIC","1991","11.93426617"
"","NORDIC","1992","12.25724908"
"","NORDIC","1993","12.59724205"
"","NORDIC","1994","12.93698193"
"","NORDIC","1995","13.31481519"
"","NORDIC","1996","13.65450723"
"","NORDIC","1997","13.9959412"
"","NORDIC","1998","14.39190359"
"","NORDIC","1999","14.73379029"
"","NORDIC","2000","15.1289132"
"","NORDIC","2001","15.47179091"
"","NORDIC","2002","15.84983805"
"","NORDIC","2003","16.20897312"
"","NORDIC","2004","16.56615678"
"","NORDIC","2005","16.94792886"
"","NORDIC","2006","17.30561952"
"","NORDIC","2007","17.70537773"
"","NORDIC","2008","18.06689247"
"","NORDIC","2009","18.44547544"
"","NORDIC","2010","18.84413091"
"","NORDIC","2011","19.22508619"
"","NORDIC","2012","19.62394419"
"","NORDIC","2013","20.02580917"
"","NORDIC","2014","20.42595816"
"","NORDIC","2015","20.82706104"
"","NORDIC","2016","21.24774851"
"POL","","1975","10.7"
"POL","","1976","10.9"
"POL","","1977","11.2"
"POL","","1978","11.5"
"POL","","1979","11.8"
"POL","","1980","12.1"
"POL","","1981","12.4"
"POL","","1982","12.6"
"POL","","1983","12.9"
"POL","","1984","13.2"
"POL","","1985","13.5"
"POL","","1986","13.8"
"POL","","1987","14"
"POL","","1988","14.3"
"POL","","1989","14.6"
"POL","","1990","14.9"
"POL","","1991","15.1"
"POL","","1992","15.4"
"POL","","1993","15.7"
"POL","","1994","15.9"
"POL","","1995","16.2"
"POL","","1996","16.4"
"POL","","1997","16.7"
"POL","","1998","17"
"POL","","1999","17.2"
"POL","","2000","17.5"
"POL","","2001","17.8"
"POL","","2002","18.1"
"POL","","2003","18.4"
"POL","","2004","18.8"
"POL","","2005","19.1"
"POL","","2006","19.4"
"POL","","2007","19.8"
"POL","","2008","20.1"
"POL","","2009","20.5"
"POL","","2010","20.8"
"POL","","2011","21.2"
"POL","","2012","21.5"
"POL","","2013","21.9"
"POL","","2014","22.3"
"POL","","2015","22.7"
"POL","","2016","23.1"
"PRT","","1975","5.4"
"PRT","","1976","5.6"
"PRT","","1977","5.8"
"PRT","","1978","6.1"
"PRT","","1979","6.3"
"PRT","","1980","6.6"
"PRT","","1981","6.8"
"PRT","","1982","7.1"
"PRT","","1983","7.4"
"PRT","","1984","7.7"
"PRT","","1985","8"
"PRT","","1986","8.3"
"PRT","","1987","8.6"
"PRT","","1988","8.9"
"PRT","","1989","9.3"
"PRT","","1990","9.6"
"PRT","","1991","10"
"PRT","","1992","10.4"
"PRT","","1993","10.8"
"PRT","","1994","11.2"
"PRT","","1995","11.6"
"PRT","","1996","12"
"PRT","","1997","12.4"
"PRT","","1998","12.8"
"PRT","","1999","13.3"
"PRT","","2000","13.7"
"PRT","","2001","14.1"
"PRT","","2002","14.6"
"PRT","","2003","15"
"PRT","","2004","15.4"
"PRT","","2005","15.9"
"PRT","","2006","16.3"
"PRT","","2007","16.8"
"PRT","","2008","17.2"
"PRT","","2009","17.7"
"PRT","","2010","18.1"
"PRT","","2011","18.6"
"PRT","","2012","19"
"PRT","","2013","19.5"
"PRT","","2014","19.9"
"PRT","","2015","20.4"
"PRT","","2016","20.8"
"ROU","","1975","8.3"
"ROU","","1976","8.5"
"ROU","","1977","8.8"
"ROU","","1978","9"
"ROU","","1979","9.3"
"ROU","","1980","9.6"
"ROU","","1981","9.9"
"ROU","","1982","10.2"
"ROU","","1983","10.5"
"ROU","","1984","10.9"
"ROU","","1985","11.2"
"ROU","","1986","11.5"
"ROU","","1987","11.9"
"ROU","","1988","12.3"
"ROU","","1989","12.6"
"ROU","","1990","13"
"ROU","","1991","13.4"
"ROU","","1992","13.7"
"ROU","","1993","14.1"
"ROU","","1994","14.4"
"ROU","","1995","14.7"
"ROU","","1996","15"
"ROU","","1997","15.3"
"ROU","","1998","15.6"
"ROU","","1999","15.9"
"ROU","","2000","16.2"
"ROU","","2001","16.5"
"ROU","","2002","16.8"
"ROU","","2003","17.1"
"ROU","","2004","17.5"
"ROU","","2005","17.8"
"ROU","","2006","18.2"
"ROU","","2007","18.6"
"ROU","","2008","19"
"ROU","","2009","19.4"
"ROU","","2010","19.8"
"ROU","","2011","20.2"
"ROU","","2012","20.7"
"ROU","","2013","21.1"
"ROU","","2014","21.6"
"ROU","","2015","22.1"
"ROU","","2016","22.5"
"RUS","","1975","13.9"
"RUS","","1976","14.2"
"RUS","","1977","14.4"
"RUS","","1978","14.7"
"RUS","","1979","15"
"RUS","","1980","15.2"
"RUS","","1981","15.4"
"RUS","","1982","15.7"
"RUS","","1983","15.9"
"RUS","","1984","16.1"
"RUS","","1985","16.3"
"RUS","","1986","16.5"
"RUS","","1987","16.7"
"RUS","","1988","16.9"
"RUS","","1989","17.1"
"RUS","","1990","17.3"
"RUS","","1991","17.5"
"RUS","","1992","17.6"
"RUS","","1993","17.8"
"RUS","","1994","18"
"RUS","","1995","18.1"
"RUS","","1996","18.3"
"RUS","","1997","18.5"
"RUS","","1998","18.7"
"RUS","","1999","18.8"
"RUS","","2000","19"
"RUS","","2001","19.3"
"RUS","","2002","19.5"
"RUS","","2003","19.7"
"RUS","","2004","19.9"
"RUS","","2005","20.2"
"RUS","","2006","20.4"
"RUS","","2007","20.7"
"RUS","","2008","20.9"
"RUS","","2009","21.2"
"RUS","","2010","21.4"
"RUS","","2011","21.7"
"RUS","","2012","21.9"
"RUS","","2013","22.2"
"RUS","","2014","22.5"
"RUS","","2015","22.8"
"RUS","","2016","23.1"
"","SEEHN","1975","8.47071867"
"","SEEHN","1976","8.79990817"
"","SEEHN","1977","9.10268832"
"","SEEHN","1978","9.37022822"
"","SEEHN","1979","9.6713987"
"","SEEHN","1980","9.98267835"
"","SEEHN","1981","10.29568085"
"","SEEHN","1982","10.60073845"
"","SEEHN","1983","10.89310039"
"","SEEHN","1984","11.26073036"
"","SEEHN","1985","11.55428439"
"","SEEHN","1986","11.86046362"
"","SEEHN","1987","12.2002471"
"","SEEHN","1988","12.54123337"
"","SEEHN","1989","12.83779285"
"","SEEHN","1990","13.18057277"
"","SEEHN","1991","13.54580423"
"","SEEHN","1992","13.8533419"
"","SEEHN","1993","14.21730455"
"","SEEHN","1994","14.55456143"
"","SEEHN","1995","14.88615349"
"","SEEHN","1996","15.2070946"
"","SEEHN","1997","15.50859242"
"","SEEHN","1998","15.81889152"
"","SEEHN","1999","16.14868291"
"","SEEHN","2000","16.49139819"
"","SEEHN","2001","16.79845021"
"","SEEHN","2002","17.13473128"
"","SEEHN","2003","17.47678845"
"","SEEHN","2004","17.83076728"
"","SEEHN","2005","18.18557175"
"","SEEHN","2006","18.58250337"
"","SEEHN","2007","18.95614843"
"","SEEHN","2008","19.33774624"
"","SEEHN","2009","19.74243565"
"","SEEHN","2010","20.13165067"
"","SEEHN","2011","20.5294278"
"","SEEHN","2012","20.94845829"
"","SEEHN","2013","21.34295521"
"","SEEHN","2014","21.79310891"
"","SEEHN","2015","22.19092937"
"","SEEHN","2016","22.64233857"
"SRB","","1975","7.9"
"SRB","","1976","8.2"
"SRB","","1977","8.5"
"SRB","","1978","8.8"
"SRB","","1979","9"
"SRB","","1980","9.3"
"SRB","","1981","9.6"
"SRB","","1982","9.9"
"SRB","","1983","10.2"
"SRB","","1984","10.5"
"SRB","","1985","10.8"
"SRB","","1986","11.1"
"SRB","","1987","11.4"
"SRB","","1988","11.7"
"SRB","","1989","12"
"SRB","","1990","12.3"
"SRB","","1991","12.6"
"SRB","","1992","12.9"
"SRB","","1993","13.2"
"SRB","","1994","13.6"
"SRB","","1995","13.9"
"SRB","","1996","14.2"
"SRB","","1997","14.5"
"SRB","","1998","14.8"
"SRB","","1999","15.2"
"SRB","","2000","15.5"
"SRB","","2001","15.8"
"SRB","","2002","16.2"
"SRB","","2003","16.6"
"SRB","","2004","16.9"
"SRB","","2005","17.3"
"SRB","","2006","17.7"
"SRB","","2007","18"
"SRB","","2008","18.4"
"SRB","","2009","18.8"
"SRB","","2010","19.2"
"SRB","","2011","19.6"
"SRB","","2012","20"
"SRB","","2013","20.3"
"SRB","","2014","20.7"
"SRB","","2015","21.1"
"SRB","","2016","21.5"
"SVK","","1975","7.9"
"SVK","","1976","8.2"
"SVK","","1977","8.6"
"SVK","","1978","8.9"
"SVK","","1979","9.3"
"SVK","","1980","9.6"
"SVK","","1981","10"
"SVK","","1982","10.3"
"SVK","","1983","10.6"
"SVK","","1984","11"
"SVK","","1985","11.3"
"SVK","","1986","11.6"
"SVK","","1987","11.9"
"SVK","","1988","12.2"
"SVK","","1989","12.5"
"SVK","","1990","12.8"
"SVK","","1991","13.1"
"SVK","","1992","13.4"
"SVK","","1993","13.7"
"SVK","","1994","13.9"
"SVK","","1995","14.2"
"SVK","","1996","14.5"
"SVK","","1997","14.7"
"SVK","","1998","15"
"SVK","","1999","15.2"
"SVK","","2000","15.5"
"SVK","","2001","15.8"
"SVK","","2002","16"
"SVK","","2003","16.3"
"SVK","","2004","16.6"
"SVK","","2005","16.9"
"SVK","","2006","17.2"
"SVK","","2007","17.5"
"SVK","","2008","17.8"
"SVK","","2009","18.1"
"SVK","","2010","18.4"
"SVK","","2011","18.8"
"SVK","","2012","19.1"
"SVK","","2013","19.4"
"SVK","","2014","19.8"
"SVK","","2015","20.1"
"SVK","","2016","20.5"
"SVN","","1975","7.8"
"SVN","","1976","8.1"
"SVN","","1977","8.5"
"SVN","","1978","8.8"
"SVN","","1979","9.2"
"SVN","","1980","9.5"
"SVN","","1981","9.9"
"SVN","","1982","10.2"
"SVN","","1983","10.6"
"SVN","","1984","10.9"
"SVN","","1985","11.2"
"SVN","","1986","11.4"
"SVN","","1987","11.7"
"SVN","","1988","12"
"SVN","","1989","12.2"
"SVN","","1990","12.5"
"SVN","","1991","12.7"
"SVN","","1992","13"
"SVN","","1993","13.2"
"SVN","","1994","13.5"
"SVN","","1995","13.7"
"SVN","","1996","14"
"SVN","","1997","14.3"
"SVN","","1998","14.5"
"SVN","","1999","14.8"
"SVN","","2000","15.1"
"SVN","","2001","15.4"
"SVN","","2002","15.7"
"SVN","","2003","15.9"
"SVN","","2004","16.2"
"SVN","","2005","16.5"
"SVN","","2006","16.8"
"SVN","","2007","17.2"
"SVN","","2008","17.5"
"SVN","","2009","17.8"
"SVN","","2010","18.1"
"SVN","","2011","18.4"
"SVN","","2012","18.8"
"SVN","","2013","19.1"
"SVN","","2014","19.5"
"SVN","","2015","19.8"
"SVN","","2016","20.2"
"SWE","","1975","7.9"
"SWE","","1976","8.2"
"SWE","","1977","8.4"
"SWE","","1978","8.6"
"SWE","","1979","8.8"
"SWE","","1980","9"
"SWE","","1981","9.2"
"SWE","","1982","9.4"
"SWE","","1983","9.7"
"SWE","","1984","9.9"
"SWE","","1985","10.1"
"SWE","","1986","10.3"
"SWE","","1987","10.6"
"SWE","","1988","10.8"
"SWE","","1989","11.1"
"SWE","","1990","11.3"
"SWE","","1991","11.6"
"SWE","","1992","11.9"
"SWE","","1993","12.2"
"SWE","","1994","12.5"
"SWE","","1995","12.9"
"SWE","","1996","13.2"
"SWE","","1997","13.5"
"SWE","","1998","13.9"
"SWE","","1999","14.2"
"SWE","","2000","14.6"
"SWE","","2001","14.9"
"SWE","","2002","15.3"
"SWE","","2003","15.6"
"SWE","","2004","16"
"SWE","","2005","16.3"
"SWE","","2006","16.7"
"SWE","","2007","17.1"
"SWE","","2008","17.4"
"SWE","","2009","17.8"
"SWE","","2010","18.2"
"SWE","","2011","18.6"
"SWE","","2012","19"
"SWE","","2013","19.4"
"SWE","","2014","19.8"
"SWE","","2015","20.2"
"SWE","","2016","20.6"
"TJK","","1975","4.1"
"TJK","","1976","4.2"
"TJK","","1977","4.3"
"TJK","","1978","4.4"
"TJK","","1979","4.5"
"TJK","","1980","4.7"
"TJK","","1981","4.8"
"TJK","","1982","4.9"
"TJK","","1983","5"
"TJK","","1984","5.2"
"TJK","","1985","5.3"
"TJK","","1986","5.5"
"TJK","","1987","5.6"
"TJK","","1988","5.8"
"TJK","","1989","6"
"TJK","","1990","6.1"
"TJK","","1991","6.3"
"TJK","","1992","6.5"
"TJK","","1993","6.6"
"TJK","","1994","6.8"
"TJK","","1995","7"
"TJK","","1996","7.2"
"TJK","","1997","7.4"
"TJK","","1998","7.5"
"TJK","","1999","7.8"
"TJK","","2000","8"
"TJK","","2001","8.2"
"TJK","","2002","8.5"
"TJK","","2003","8.8"
"TJK","","2004","9.1"
"TJK","","2005","9.4"
"TJK","","2006","9.7"
"TJK","","2007","10.1"
"TJK","","2008","10.5"
"TJK","","2009","10.9"
"TJK","","2010","11.3"
"TJK","","2011","11.8"
"TJK","","2012","12.2"
"TJK","","2013","12.7"
"TJK","","2014","13.2"
"TJK","","2015","13.7"
"TJK","","2016","14.2"
"TKM","","1975","5.6"
"TKM","","1976","5.8"
"TKM","","1977","5.9"
"TKM","","1978","6.1"
"TKM","","1979","6.2"
"TKM","","1980","6.4"
"TKM","","1981","6.6"
"TKM","","1982","6.7"
"TKM","","1983","6.9"
"TKM","","1984","7.1"
"TKM","","1985","7.2"
"TKM","","1986","7.4"
"TKM","","1987","7.6"
"TKM","","1988","7.8"
"TKM","","1989","8"
"TKM","","1990","8.2"
"TKM","","1991","8.4"
"TKM","","1992","8.6"
"TKM","","1993","8.9"
"TKM","","1994","9.1"
"TKM","","1995","9.4"
"TKM","","1996","9.7"
"TKM","","1997","10"
"TKM","","1998","10.3"
"TKM","","1999","10.6"
"TKM","","2000","11"
"TKM","","2001","11.3"
"TKM","","2002","11.7"
"TKM","","2003","12.1"
"TKM","","2004","12.5"
"TKM","","2005","12.9"
"TKM","","2006","13.4"
"TKM","","2007","13.8"
"TKM","","2008","14.3"
"TKM","","2009","14.8"
"TKM","","2010","15.3"
"TKM","","2011","15.8"
"TKM","","2012","16.3"
"TKM","","2013","16.9"
"TKM","","2014","17.4"
"TKM","","2015","18"
"TKM","","2016","18.6"
"TUR","","1975","8.6"
"TUR","","1976","8.9"
"TUR","","1977","9.3"
"TUR","","1978","9.6"
"TUR","","1979","10"
"TUR","","1980","10.4"
"TUR","","1981","10.8"
"TUR","","1982","11.3"
"TUR","","1983","11.8"
"TUR","","1984","12.3"
"TUR","","1985","13"
"TUR","","1986","13.6"
"TUR","","1987","14.2"
"TUR","","1988","14.9"
"TUR","","1989","15.6"
"TUR","","1990","16.3"
"TUR","","1991","16.9"
"TUR","","1992","17.6"
"TUR","","1993","18.2"
"TUR","","1994","18.8"
"TUR","","1995","19.4"
"TUR","","1996","20"
"TUR","","1997","20.5"
"TUR","","1998","21.1"
"TUR","","1999","21.6"
"TUR","","2000","22.2"
"TUR","","2001","22.7"
"TUR","","2002","23.3"
"TUR","","2003","23.9"
"TUR","","2004","24.5"
"TUR","","2005","25.1"
"TUR","","2006","25.7"
"TUR","","2007","26.3"
"TUR","","2008","26.9"
"TUR","","2009","27.6"
"TUR","","2010","28.2"
"TUR","","2011","28.9"
"TUR","","2012","29.5"
"TUR","","2013","30.2"
"TUR","","2014","30.8"
"TUR","","2015","31.5"
"TUR","","2016","32.1"
"UKR","","1975","12.3"
"UKR","","1976","12.6"
"UKR","","1977","12.8"
"UKR","","1978","13.1"
"UKR","","1979","13.4"
"UKR","","1980","13.7"
"UKR","","1981","14"
"UKR","","1982","14.3"
"UKR","","1983","14.6"
"UKR","","1984","14.9"
"UKR","","1985","15.2"
"UKR","","1986","15.5"
"UKR","","1987","15.8"
"UKR","","1988","16.1"
"UKR","","1989","16.3"
"UKR","","1990","16.6"
"UKR","","1991","16.9"
"UKR","","1992","17.2"
"UKR","","1993","17.4"
"UKR","","1994","17.7"
"UKR","","1995","17.9"
"UKR","","1996","18.1"
"UKR","","1997","18.4"
"UKR","","1998","18.6"
"UKR","","1999","18.8"
"UKR","","2000","19.1"
"UKR","","2001","19.3"
"UKR","","2002","19.6"
"UKR","","2003","19.9"
"UKR","","2004","20.2"
"UKR","","2005","20.5"
"UKR","","2006","20.8"
"UKR","","2007","21.1"
"UKR","","2008","21.4"
"UKR","","2009","21.7"
"UKR","","2010","22"
"UKR","","2011","22.4"
"UKR","","2012","22.7"
"UKR","","2013","23"
"UKR","","2014","23.4"
"UKR","","2015","23.7"
"UKR","","2016","24.1"
"UZB","","1975","4.4"
"UZB","","1976","4.6"
"UZB","","1977","4.8"
"UZB","","1978","5"
"UZB","","1979","5.2"
"UZB","","1980","5.4"
"UZB","","1981","5.6"
"UZB","","1982","5.8"
"UZB","","1983","6"
"UZB","","1984","6.2"
"UZB","","1985","6.4"
"UZB","","1986","6.6"
"UZB","","1987","6.8"
"UZB","","1988","7"
"UZB","","1989","7.2"
"UZB","","1990","7.4"
"UZB","","1991","7.6"
"UZB","","1992","7.8"
"UZB","","1993","8"
"UZB","","1994","8.2"
"UZB","","1995","8.5"
"UZB","","1996","8.7"
"UZB","","1997","8.9"
"UZB","","1998","9.2"
"UZB","","1999","9.5"
"UZB","","2000","9.8"
"UZB","","2001","10.1"
"UZB","","2002","10.4"
"UZB","","2003","10.7"
"UZB","","2004","11"
"UZB","","2005","11.4"
"UZB","","2006","11.8"
"UZB","","2007","12.2"
"UZB","","2008","12.6"
"UZB","","2009","13"
"UZB","","2010","13.5"
"UZB","","2011","13.9"
"UZB","","2012","14.4"
"UZB","","2013","14.9"
"UZB","","2014","15.4"
"UZB","","2015","16"
"UZB","","2016","16.6"
"","WHO_EURO","1975","9.80653588"
"","WHO_EURO","1976","10.07174603"
"","WHO_EURO","1977","10.32806367"
"","WHO_EURO","1978","10.59076721"
"","WHO_EURO","1979","10.8751686"
"","WHO_EURO","1980","11.15734973"
"","WHO_EURO","1981","11.41907112"
"","WHO_EURO","1982","11.71634416"
"","WHO_EURO","1983","11.97777635"
"","WHO_EURO","1984","12.27570822"
"","WHO_EURO","1985","12.55663091"
"","WHO_EURO","1986","12.85141661"
"","WHO_EURO","1987","13.14099451"
"","WHO_EURO","1988","13.44566874"
"","WHO_EURO","1989","13.75034448"
"","WHO_EURO","1990","14.04957017"
"","WHO_EURO","1991","14.36797576"
"","WHO_EURO","1992","14.65817129"
"","WHO_EURO","1993","14.95098531"
"","WHO_EURO","1994","15.27766496"
"","WHO_EURO","1995","15.57174029"
"","WHO_EURO","1996","15.89415225"
"","WHO_EURO","1997","16.20110029"
"","WHO_EURO","1998","16.52864313"
"","WHO_EURO","1999","16.82959383"
"","WHO_EURO","2000","17.16621523"
"","WHO_EURO","2001","17.50577667"
"","WHO_EURO","2002","17.84979768"
"","WHO_EURO","2003","18.19572322"
"","WHO_EURO","2004","18.55253697"
"","WHO_EURO","2005","18.92772088"
"","WHO_EURO","2006","19.29175312"
"","WHO_EURO","2007","19.68783041"
"","WHO_EURO","2008","20.05262512"
"","WHO_EURO","2009","20.44080644"
"","WHO_EURO","2010","20.81517356"
"","WHO_EURO","2011","21.22780799"
"","WHO_EURO","2012","21.62687341"
"","WHO_EURO","2013","22.03556931"
"","WHO_EURO","2014","22.47384838"
"","WHO_EURO","2015","22.89962086"
"","WHO_EURO","2016","23.33045042"

"Last update","2019.10.17 14:21:25 GMT"
"Description","Age-standardized prevalence of obesity (defined as BMI ≥ 30 kg/m2) in people aged 18 years and over (WHO estimates) (%)"
"Reference link","https://dw.euro.who.int/api/v3/measures/H2020_9?lang=En"

"Copyright"
"© WHO Regional Office for Europe 2022. All rights reserved.","https://www.who.int/about/policies/publishing/copyright"
